Phase,Start Date,End Date
Menstruation,2025-04-11,2025-04-16
Follicular,2025-04-17,2025-04-25
Ovulation,2025-04-26,2025-04-27
Luteal,2025-04-28,2025-05-07
Menstruation,2025-03-15,2025-03-20
Follicular,2025-03-21,2025-03-29
Ovulation,2025-03-30,2025-03-31
Luteal,2025-04-01,2025-04-07
Menstruation,2025-02-19,2025-02-24
Follicular,2025-02-25,2025-03-05
Ovulation,2025-03-06,2025-03-07
Luteal,2025-03-08,2025-03-18
Menstruation,2025-01-22,2025-01-28
Follicular,2025-01-29,2025-02-06
Ovulation,2025-02-07,2025-02-08
Luteal,2025-02-09,2025-02-16
Menstruation,2024-12-27,2025-01-02
Follicular,2025-01-03,2025-01-11
Ovulation,2025-01-12,2025-01-13
Luteal,2025-01-14,2025-01-26
Menstruation,2024-11-26,2024-11-30
Follicular,2024-12-01,2024-12-09
Ovulation,2024-12-10,2024-12-11
Luteal,2024-12-12,2024-12-23
Menstruation,2024-10-29,2024-11-01
Follicular,2024-11-02,2024-11-10
Ovulation,2024-11-11,2024-11-12
Luteal,2024-11-13,2024-12-03
Menstruation,2024-09-23,2024-09-28
Follicular,2024-09-29,2024-10-07
Ovulation,2024-10-08,2024-10-09
Luteal,2024-10-10,2024-10-26
Menstruation,2024-08-20,2024-08-24
Follicular,2024-08-25,2024-09-02
Ovulation,2024-09-03,2024-09-04
Luteal,2024-09-05,2024-10-06
Menstruation,2024-07-03,2024-07-09
Follicular,2024-07-10,2024-07-18
Ovulation,2024-07-19,2024-07-20
Luteal,2024-07-21,2024-07-23
Menstruation,2024-06-12,2024-06-18
Follicular,2024-06-19,2024-06-27
Ovulation,2024-06-28,2024-06-29
Luteal,2024-06-30,2024-07-18
Menstruation,2024-05-06,2024-05-11
Follicular,2024-05-12,2024-05-20
Ovulation,2024-05-21,2024-05-22
Luteal,2024-05-23,2024-06-08
